date,menu_item_id,item_name,item_category,confirmed_count,total_employees,confirmed_optin_rate,prev_day_count,prev_7day_avg,is_holiday,is_company_event,temperature,precipitation
2025-07-01,101,Masala Dosa,Breakfast,36,120,0.3,34,34.4405994097654,0,0,30.318902184689385,0
2025-07-01,102,Poori Bhaji,Breakfast,48,120,0.4,49,47.896064077536955,0,0,30.76743472915291,0
2025-07-01,201,Paneer Curry,Lunch,51,120,0.425,53,57.65262807032524,0,0,30.542560043585965,0
2025-07-01,202,Veg Biryani,Lunch,50,120,0.4166666666666667,54,46.93725493653199,0,0,30.950369682396904,0
2025-07-01,301,Samosa,Snack,76,120,0.6333333333333333,80,68.74478015957112,0,0,29.83613288350523,0
2025-07-02,101,Masala Dosa,Breakfast,48,120,0.4,49,39.87772411252967,0,0,30.355551317122433,0
2025-07-02,102,Poori Bhaji,Breakfast,34,120,0.2833333333333333,31,37.37438574434995,0,0,31.912771271359208,0
2025-07-02,201,Paneer Curry,Lunch,67,120,0.5583333333333333,65,60.47562892158568,0,0,30.664654342749852,0
2025-07-02,202,Veg Biryani,Lunch,58,120,0.48333333333333334,62,61.45517000631091,0,0,29.36444025972536,0
2025-07-02,301,Samosa,Snack,74,120,0.6166666666666667,75,75.65114096948518,0,0,30.373118914729417,0
2025-07-03,101,Masala Dosa,Breakfast,32,120,0.26666666666666666,27,44.11272456051594,0,0,28.779156350028977,0
2025-07-03,102,Poori Bhaji,Breakfast,31,120,0.25833333333333336,31,41.61499898639149,0,0,28.606583059127296,0
2025-07-03,201,Paneer Curry,Lunch,67,120,0.5583333333333333,71,49.10832876588145,0,0,28.956103591765164,0
2025-07-03,202,Veg Biryani,Lunch,53,120,0.44166666666666665,55,63.927660622491224,0,0,32.656010091272044,0
2025-07-03,301,Samosa,Snack,67,120,0.5583333333333333,66,62.60739004816286,0,0,29.280155791605292,0
2025-07-04,101,Masala Dosa,Breakfast,42,120,0.35,45,35.782900383203575,0,0,29.486674594602835,0
2025-07-04,102,Poori Bhaji,Breakfast,36,120,0.3,39,36.61538999847021,0,0,30.61167628884087,0
2025-07-04,201,Paneer Curry,Lunch,60,120,0.5,57,65.15499761247976,0,0,30.9312801191162,0
2025-07-04,202,Veg Biryani,Lunch,50,120,0.4166666666666667,49,61.05793506163008,0,0,30.597044646179075,0
2025-07-04,301,Samosa,Snack,66,120,0.55,69,62.45923355226259,0,0,31.09964697578482,0
2025-07-05,101,Masala Dosa,Breakfast,45,120,0.375,46,34.468325129969855,0,0,28.80379337591933,0
2025-07-05,102,Poori Bhaji,Breakfast,32,120,0.26666666666666666,34,42.28942538500007,0,0,28.31571262163412,0
2025-07-05,201,Paneer Curry,Lunch,52,120,0.43333333333333335,51,55.33118579543975,0,0,30.784208187653938,0
2025-07-05,202,Veg Biryani,Lunch,63,120,0.525,64,59.247330708701085,0,0,29.034442328105026,0
2025-07-05,301,Samosa,Snack,78,120,0.65,79,83.16764110306062,0,0,28.974909111189135,0
2025-07-06,101,Masala Dosa,Breakfast,33,120,0.275,32,37.327917731632475,0,0,28.504946129185665,0
2025-07-06,102,Poori Bhaji,Breakfast,40,120,0.3333333333333333,38,40.67876914738243,0,0,30.60808966200096,0
2025-07-06,201,Paneer Curry,Lunch,68,120,0.5666666666666667,68,61.465296228227864,0,0,30.896630383710946,0
2025-07-06,202,Veg Biryani,Lunch,55,120,0.4583333333333333,53,60.4853877467402,0,0,30.96864499053289,0
2025-07-06,301,Samosa,Snack,66,120,0.55,61,74.24960602031175,0,0,28.688675774248892,0
2025-07-07,101,Masala Dosa,Breakfast,49,120,0.4083333333333333,52,35.64847522719463,0,0,29.493356780368476,0
2025-07-07,102,Poori Bhaji,Breakfast,38,120,0.31666666666666665,37,34.51867102359322,0,0,30.914884321926014,0
2025-07-07,201,Paneer Curry,Lunch,64,120,0.5333333333333333,64,61.50661400474817,0,0,28.541483079013243,0
2025-07-07,202,Veg Biryani,Lunch,69,120,0.575,64,59.9225832999411,0,0,29.97262355441484,0
2025-07-07,301,Samosa,Snack,71,120,0.5916666666666667,72,60.40614392350479,0,0,29.97348612455078,0
2025-07-08,101,Masala Dosa,Breakfast,46,120,0.38333333333333336,48,40.511738412748336,0,0,29.567390719451986,0
2025-07-08,102,Poori Bhaji,Breakfast,31,120,0.25833333333333336,31,39.599563323237554,0,0,29.758619868355787,0
2025-07-08,201,Paneer Curry,Lunch,50,120,0.4166666666666667,47,61.690113294375706,0,0,31.974571196953487,0
2025-07-08,202,Veg Biryani,Lunch,55,120,0.4583333333333333,56,65.7141140725751,0,0,30.751933032686775,0
2025-07-08,301,Samosa,Snack,76,120,0.6333333333333333,76,77.0139715546805,0,0,28.598148937207718,0
2025-07-09,101,Masala Dosa,Breakfast,35,120,0.2916666666666667,35,35.59679590735115,0,0,30.07689494858457,0
2025-07-09,102,Poori Bhaji,Breakfast,30,120,0.25,33,35.04731837434656,0,0,29.433702270397227,0
2025-07-09,201,Paneer Curry,Lunch,52,120,0.43333333333333335,50,54.51623850711405,0,0,29.317698436079727,0
2025-07-09,202,Veg Biryani,Lunch,52,120,0.43333333333333335,49,56.39851003570593,0,0,29.730066230924308,0
2025-07-09,301,Samosa,Snack,68,120,0.5666666666666667,63,72.14006420494714,0,0,27.5303011349324,0
2025-07-10,101,Masala Dosa,Breakfast,37,120,0.30833333333333335,32,45.846038234763114,0,0,30.873316969089426,0
2025-07-10,102,Poori Bhaji,Breakfast,47,120,0.39166666666666666,48,49.3615955866036,0,0,30.396373940064443,0
2025-07-10,201,Paneer Curry,Lunch,56,120,0.4666666666666667,60,60.06516949883275,0,0,30.37776959197309,0
2025-07-10,202,Veg Biryani,Lunch,66,120,0.55,62,65.00242803881052,0,0,30.15242086225926,0
2025-07-10,301,Samosa,Snack,68,120,0.5666666666666667,71,76.49698407132243,0,0,29.132853843950446,0
2025-07-11,101,Masala Dosa,Breakfast,32,120,0.26666666666666666,30,41.252464251729386,0,0,30.346448209496977,0
2025-07-11,102,Poori Bhaji,Breakfast,49,120,0.4083333333333333,44,41.46536236649341,0,0,29.285648581973632,0
2025-07-11,201,Paneer Curry,Lunch,67,120,0.5583333333333333,63,45.60271553263812,0,0,29.196822334987353,0
2025-07-11,202,Veg Biryani,Lunch,58,120,0.48333333333333334,56,55.126591648863396,0,0,30.787084603742453,0
2025-07-11,301,Samosa,Snack,75,120,0.625,73,76.7158410614839,0,0,29.265452350052474,0
2025-07-12,101,Masala Dosa,Breakfast,32,120,0.26666666666666666,27,42.090592609777936,0,0,28.11347195421436,0
2025-07-12,102,Poori Bhaji,Breakfast,48,120,0.4,48,35.55242785187238,0,0,29.184189715034563,0
2025-07-12,201,Paneer Curry,Lunch,55,120,0.4583333333333333,55,64.39336774095447,0,0,29.76040549180619,0
2025-07-12,202,Veg Biryani,Lunch,51,120,0.425,50,73.67211079530871,0,0,30.093765430151947,0
2025-07-12,301,Samosa,Snack,60,120,0.5,59,69.9765200266322,0,0,28.429188016472384,0
2025-07-13,101,Masala Dosa,Breakfast,33,120,0.275,30,39.94208340109003,0,0,30.190598705114525,0
2025-07-13,102,Poori Bhaji,Breakfast,43,120,0.35833333333333334,42,41.63611693182933,0,0,30.50657530167253,0
2025-07-13,201,Paneer Curry,Lunch,54,120,0.45,56,63.03064681549542,0,0,28.0557704062504,0
2025-07-13,202,Veg Biryani,Lunch,52,120,0.43333333333333335,47,58.91271511547988,0,0,29.524742651599524,0
2025-07-13,301,Samosa,Snack,60,120,0.5,57,71.07046872065102,0,0,28.75426122128801,0
2025-07-14,101,Masala Dosa,Breakfast,32,120,0.26666666666666666,34,34.261400135875,0,0,31.38960282814659,0
2025-07-14,102,Poori Bhaji,Breakfast,39,120,0.325,35,44.41418830254695,0,0,29.550695613904217,0
2025-07-14,201,Paneer Curry,Lunch,58,120,0.48333333333333334,58,53.111653160214544,0,0,29.062174960084878,0
2025-07-14,202,Veg Biryani,Lunch,52,120,0.43333333333333335,48,62.57523843153024,0,0,33.85273149065472,0
2025-07-14,301,Samosa,Snack,72,120,0.6,70,76.65440663986043,0,0,30.98820261050411,0
2025-07-15,101,Masala Dosa,Breakfast,45,120,0.375,42,34.23717314169993,0,0,28.499231606792826,0
2025-07-15,102,Poori Bhaji,Breakfast,31,120,0.25833333333333336,32,33.999341311349184,0,0,31.20138044421769,0
2025-07-15,201,Paneer Curry,Lunch,66,120,0.55,64,50.04231106734293,0,0,30.426025866834003,0
2025-07-15,202,Veg Biryani,Lunch,57,120,0.475,56,66.0519931656832,0,0,29.84876403450777,0
2025-07-15,301,Samosa,Snack,79,120,0.6583333333333333,76,76.81717745475852,0,0,30.828765977604874,0
2025-07-16,101,Masala Dosa,Breakfast,42,120,0.35,38,29.874287066711965,0,0,30.186454314769428,0
2025-07-16,102,Poori Bhaji,Breakfast,46,120,0.38333333333333336,48,37.777506278904085,0,0,28.330867640909467,0
2025-07-16,201,Paneer Curry,Lunch,54,120,0.45,58,56.14090461121622,0,0,31.661301730608155,0
2025-07-16,202,Veg Biryani,Lunch,50,120,0.4166666666666667,46,58.40322461092611,0,0,29.79538349452241,0
2025-07-16,301,Samosa,Snack,67,120,0.5583333333333333,66,71.35530874371132,0,0,32.24480660601056,0
2025-07-17,101,Masala Dosa,Breakfast,34,120,0.2833333333333333,34,34.08213416027731,0,0,30.228970432230437,0
2025-07-17,102,Poori Bhaji,Breakfast,43,120,0.35833333333333334,42,38.596725623295896,0,0,29.39602408050225,0
2025-07-17,201,Paneer Curry,Lunch,69,120,0.575,68,55.36534764210958,0,0,29.9404746439382,0
2025-07-17,202,Veg Biryani,Lunch,65,120,0.5416666666666666,64,53.525287627600704,0,0,29.894881495253586,0
2025-07-17,301,Samosa,Snack,64,120,0.5333333333333333,65,68.378022762163,0,0,30.52460900063051,0
2025-07-18,101,Masala Dosa,Breakfast,39,120,0.325,43,40.00906805597338,0,0,30.755935281791654,0
2025-07-18,102,Poori Bhaji,Breakfast,34,120,0.2833333333333333,32,42.83884183878813,0,0,30.14818173137915,0
2025-07-18,201,Paneer Curry,Lunch,51,120,0.425,46,61.72034065701011,0,0,30.926232542885035,0
2025-07-18,202,Veg Biryani,Lunch,69,120,0.575,71,63.74552838482162,0,0,31.80895682902016,0
2025-07-18,301,Samosa,Snack,60,120,0.5,55,72.40608864214063,0,0,30.46705717272889,0
2025-07-19,101,Masala Dosa,Breakfast,41,120,0.3416666666666667,38,42.50713378513041,0,0,31.06063857882141,0
2025-07-19,102,Poori Bhaji,Breakfast,40,120,0.3333333333333333,36,40.55149789316711,0,0,29.569974614150084,0
2025-07-19,201,Paneer Curry,Lunch,66,120,0.55,70,64.42495233593333,0,0,29.535470251355033,0
2025-07-19,202,Veg Biryani,Lunch,51,120,0.425,48,56.8888141754686,0,0,29.64451135908364,0
2025-07-19,301,Samosa,Snack,77,120,0.6416666666666667,79,74.06431059419481,0,0,30.629628841923612,0
2025-07-20,101,Masala Dosa,Breakfast,33,120,0.275,37,48.39152754911448,0,0,28.125531125140487,0
2025-07-20,102,Poori Bhaji,Breakfast,32,120,0.26666666666666666,27,36.923773921152545,0,0,30.382799467150786,0
2025-07-20,201,Paneer Curry,Lunch,66,120,0.55,67,65.21837822684375,0,0,30.22897853818854,0
2025-07-20,202,Veg Biryani,Lunch,54,120,0.45,49,65.72185767737342,0,0,30.857864658788465,0
2025-07-20,301,Samosa,Snack,62,120,0.5166666666666667,65,73.16426218691356,0,0,27.745841320482384,0
2025-07-21,101,Masala Dosa,Breakfast,49,120,0.4083333333333333,52,43.40976485647482,0,0,29.689733243406543,0
2025-07-21,102,Poori Bhaji,Breakfast,46,120,0.38333333333333336,44,38.64479768855729,0,0,29.38690531709162,0
2025-07-21,201,Paneer Curry,Lunch,63,120,0.525,61,69.56158819919986,0,0,31.06522708254692,0
2025-07-21,202,Veg Biryani,Lunch,54,120,0.45,51,65.61770890845759,0,0,32.14320518811389,0
2025-07-21,301,Samosa,Snack,63,120,0.525,62,73.12059908526078,0,0,30.62834550926428,0
2025-07-22,101,Masala Dosa,Breakfast,42,120,0.35,41,36.504267109540415,0,0,29.991182953754194,0
2025-07-22,102,Poori Bhaji,Breakfast,34,120,0.2833333333333333,31,38.454537454015394,0,0,30.80381305137626,0
2025-07-22,201,Paneer Curry,Lunch,67,120,0.5583333333333333,70,63.06920670737712,0,0,31.357880788099987,0
2025-07-22,202,Veg Biryani,Lunch,55,120,0.4583333333333333,56,52.802692016831344,0,0,29.616512473805237,0
2025-07-22,301,Samosa,Snack,68,120,0.5666666666666667,64,62.09173037192727,0,0,30.079009014244058,0
2025-07-23,101,Masala Dosa,Breakfast,37,120,0.30833333333333335,32,38.41315607364678,0,0,30.45844129656198,0
2025-07-23,102,Poori Bhaji,Breakfast,36,120,0.3,39,31.283573763941206,0,0,31.06947795204087,0
2025-07-23,201,Paneer Curry,Lunch,68,120,0.5666666666666667,68,54.90329266379965,0,0,30.83195818657451,0
2025-07-23,202,Veg Biryani,Lunch,68,120,0.5666666666666667,69,52.06768190786833,0,0,29.577822825049005,0
2025-07-23,301,Samosa,Snack,77,120,0.6416666666666667,81,74.25972233782342,0,0,30.768339454305003,0
2025-07-24,101,Masala Dosa,Breakfast,38,120,0.31666666666666665,39,42.59673257120586,0,0,31.53273891300258,0
2025-07-24,102,Poori Bhaji,Breakfast,46,120,0.38333333333333336,49,38.28399381684416,0,0,30.45767645442884,0
2025-07-24,201,Paneer Curry,Lunch,55,120,0.4583333333333333,59,61.12046240905208,0,0,30.012592400781795,0
2025-07-24,202,Veg Biryani,Lunch,54,120,0.45,52,62.368136938637825,0,0,30.05435057793857,0
2025-07-24,301,Samosa,Snack,77,120,0.6416666666666667,80,66.490932787362,0,0,29.032888945399034,0
2025-07-25,101,Masala Dosa,Breakfast,30,120,0.25,29,35.51381834319347,0,0,31.52582995725083,0
2025-07-25,102,Poori Bhaji,Breakfast,40,120,0.3333333333333333,44,50.94901466608836,0,0,29.19170171464485,0
2025-07-25,201,Paneer Curry,Lunch,57,120,0.475,61,59.21138020872948,0,0,28.644942044482068,0
2025-07-25,202,Veg Biryani,Lunch,67,120,0.5583333333333333,66,61.7087798788858,0,0,31.876170839215888,0
2025-07-25,301,Samosa,Snack,60,120,0.5,59,72.85673755163394,0,0,30.97052382001321,0
2025-07-26,101,Masala Dosa,Breakfast,42,120,0.35,39,43.709815082647324,0,0,31.47665862542963,0
2025-07-26,102,Poori Bhaji,Breakfast,31,120,0.25833333333333336,35,45.897200603606436,0,0,29.530824347895294,0
2025-07-26,201,Paneer Curry,Lunch,64,120,0.5333333333333333,59,66.86188898273623,0,0,29.322213907006617,0
2025-07-26,202,Veg Biryani,Lunch,66,120,0.55,61,47.738676993421336,0,0,29.09870618133533,0
2025-07-26,301,Samosa,Snack,60,120,0.5,59,70.02621849859092,0,0,30.046980593764744,0
2025-07-27,101,Masala Dosa,Breakfast,34,120,0.2833333333333333,33,38.4348814589178,0,0,28.40087652746252,0
2025-07-27,102,Poori Bhaji,Breakfast,43,120,0.35833333333333334,38,40.601478158559495,0,0,30.514438834058748,0
2025-07-27,201,Paneer Curry,Lunch,50,120,0.4166666666666667,45,42.60915393181722,0,0,29.73173693805049,0
2025-07-27,202,Veg Biryani,Lunch,52,120,0.43333333333333335,48,60.84986451453654,0,0,31.153245186428457,0
2025-07-27,301,Samosa,Snack,64,120,0.5333333333333333,67,67.18370694269818,0,0,32.53925779121089,0
2025-07-28,101,Masala Dosa,Breakfast,44,120,0.36666666666666664,43,47.445225869422394,0,0,30.877825168480115,0
2025-07-28,102,Poori Bhaji,Breakfast,48,120,0.4,49,45.292122434247936,0,0,28.241260513576886,0
2025-07-28,201,Paneer Curry,Lunch,64,120,0.5333333333333333,61,58.65296582777721,0,0,30.717542255795962,0
2025-07-28,202,Veg Biryani,Lunch,55,120,0.4583333333333333,50,57.56642751978625,0,0,31.334445640864136,0
2025-07-28,301,Samosa,Snack,69,120,0.575,66,74.84314242313673,0,0,30.645732788723247,0
2025-07-29,101,Masala Dosa,Breakfast,39,120,0.325,41,42.303685337819594,0,0,30.5861056047234,0
2025-07-29,102,Poori Bhaji,Breakfast,49,120,0.4083333333333333,51,40.6402053427923,0,0,29.518661650720276,0
2025-07-29,201,Paneer Curry,Lunch,51,120,0.425,48,49.12558748673452,0,0,32.032142525959216,0
2025-07-29,202,Veg Biryani,Lunch,65,120,0.5416666666666666,65,55.45972978214781,0,0,30.56103306747106,0
2025-07-29,301,Samosa,Snack,63,120,0.525,65,74.9855761094891,0,0,29.764681258092747,0
2025-07-30,101,Masala Dosa,Breakfast,47,120,0.39166666666666666,51,43.08053327009875,0,0,29.471276014500297,0
2025-07-30,102,Poori Bhaji,Breakfast,47,120,0.39166666666666666,51,39.46484820022721,0,0,28.964757677580625,0
2025-07-30,201,Paneer Curry,Lunch,63,120,0.525,59,58.12669335821928,0,0,29.18132301468142,0
2025-07-30,202,Veg Biryani,Lunch,58,120,0.48333333333333334,62,62.5729449534527,0,0,31.204635072575826,0
2025-07-30,301,Samosa,Snack,74,120,0.6166666666666667,76,69.43835975154585,0,0,29.779030400466777,0
2025-07-31,101,Masala Dosa,Breakfast,30,120,0.25,32,36.317939138711765,0,0,30.579504401549855,0
2025-07-31,102,Poori Bhaji,Breakfast,44,120,0.36666666666666664,46,51.870708717002984,0,0,29.689275735382807,0
2025-07-31,201,Paneer Curry,Lunch,63,120,0.525,65,58.73540347946503,0,0,30.12743440666809,0
2025-07-31,202,Veg Biryani,Lunch,68,120,0.5666666666666667,69,64.33424531671072,0,0,30.471036831418022,0
2025-07-31,301,Samosa,Snack,70,120,0.5833333333333334,66,77.61893705096904,0,0,27.543252943136523,0
2025-08-01,101,Masala Dosa,Breakfast,44,120,0.36666666666666664,47,36.1445672974778,0,0,30.576174599471102,0
2025-08-01,102,Poori Bhaji,Breakfast,36,120,0.3,39,32.197470428086646,0,0,30.206689463001076,0
2025-08-01,201,Paneer Curry,Lunch,62,120,0.5166666666666667,60,49.116593053639086,0,0,29.60896599876951,0
2025-08-01,202,Veg Biryani,Lunch,58,120,0.48333333333333334,54,60.386841538238095,0,0,29.138715798671736,0
2025-08-01,301,Samosa,Snack,61,120,0.5083333333333333,63,77.39716963914412,0,0,31.986136406226883,0
2025-08-02,101,Masala Dosa,Breakfast,39,120,0.325,42,43.557271325974135,0,0,29.710622052867308,0
2025-08-02,102,Poori Bhaji,Breakfast,31,120,0.25833333333333336,33,29.60436138512752,0,0,29.97852503762534,0
2025-08-02,201,Paneer Curry,Lunch,50,120,0.4166666666666667,49,56.746787154390866,0,0,29.512874616235305,0
2025-08-02,202,Veg Biryani,Lunch,60,120,0.5,62,47.48620239168892,0,0,30.684642201555167,0
2025-08-02,301,Samosa,Snack,63,120,0.525,65,68.80525976566796,0,0,29.092436337958404,0
2025-08-03,101,Masala Dosa,Breakfast,40,120,0.3333333333333333,38,48.975822783194815,0,0,29.925492353468826,0
2025-08-03,102,Poori Bhaji,Breakfast,31,120,0.25833333333333336,33,46.20985299004928,0,0,29.914236830767166,0
2025-08-03,201,Paneer Curry,Lunch,54,120,0.45,54,63.202910034745756,0,0,29.185215872009703,0
2025-08-03,202,Veg Biryani,Lunch,61,120,0.5083333333333333,56,52.37854733415004,0,0,30.797736314578636,0
2025-08-03,301,Samosa,Snack,64,120,0.5333333333333333,62,74.4096495519162,0,0,28.31512786103226,0
2025-08-04,101,Masala Dosa,Breakfast,35,120,0.2916666666666667,31,50.3352200087569,0,0,28.05506070962925,0
2025-08-04,102,Poori Bhaji,Breakfast,39,120,0.325,35,45.0314640460722,0,0,29.42310813047685,0
2025-08-04,201,Paneer Curry,Lunch,50,120,0.4166666666666667,49,71.94939136109161,0,0,29.395585521868288,0
2025-08-04,202,Veg Biryani,Lunch,52,120,0.43333333333333335,47,62.257579710094845,0,0,30.64380260170432,0
2025-08-04,301,Samosa,Snack,77,120,0.6416666666666667,76,70.84864642195187,0,0,30.08939391914565,0
2025-08-05,101,Masala Dosa,Breakfast,41,120,0.3416666666666667,38,40.4329489373645,0,0,29.84432276460792,0
2025-08-05,102,Poori Bhaji,Breakfast,37,120,0.30833333333333335,40,43.8142364539906,0,0,30.637966699020964,0
2025-08-05,201,Paneer Curry,Lunch,52,120,0.43333333333333335,51,57.13123099845917,0,0,29.319255725429446,0
2025-08-05,202,Veg Biryani,Lunch,63,120,0.525,67,58.62977821384485,0,0,30.608113891218334,0
2025-08-05,301,Samosa,Snack,69,120,0.575,72,67.49606808791204,0,0,31.907018901910554,0
2025-08-06,101,Masala Dosa,Breakfast,37,120,0.30833333333333335,34,43.53962183484837,0,0,32.20845052586618,0
2025-08-06,102,Poori Bhaji,Breakfast,44,120,0.36666666666666664,39,41.63463686882081,0,0,29.780899471191137,0
2025-08-06,201,Paneer Curry,Lunch,51,120,0.425,50,61.17807279054283,0,0,30.770865193886966,0
2025-08-06,202,Veg Biryani,Lunch,68,120,0.5666666666666667,68,60.82597190060289,0,0,30.56893667446964,0
2025-08-06,301,Samosa,Snack,67,120,0.5583333333333333,71,71.69248203747208,0,0,29.5847120860992,0
2025-08-07,101,Masala Dosa,Breakfast,30,120,0.25,28,42.397904622165434,0,0,31.583030793956535,0
2025-08-07,102,Poori Bhaji,Breakfast,35,120,0.2916666666666667,38,34.543047813532645,0,0,29.182998560739104,0
2025-08-07,201,Paneer Curry,Lunch,50,120,0.4166666666666667,48,67.54885656229811,0,0,30.40203448004692,0
2025-08-07,202,Veg Biryani,Lunch,59,120,0.49166666666666664,54,60.43517614073336,0,0,29.052658620057876,0
2025-08-07,301,Samosa,Snack,74,120,0.6166666666666667,72,81.2859914054657,0,0,29.066361890737074,0
2025-08-08,101,Masala Dosa,Breakfast,44,120,0.36666666666666664,46,37.86296028775262,0,0,29.447354226652994,0
2025-08-08,102,Poori Bhaji,Breakfast,41,120,0.3416666666666667,37,40.136323524094394,0,0,29.864899692085064,0
2025-08-08,201,Paneer Curry,Lunch,53,120,0.44166666666666665,51,63.590492741258416,0,0,31.56759442087897,0
2025-08-08,202,Veg Biryani,Lunch,69,120,0.575,73,54.11107229253823,0,0,29.319738412806092,0
2025-08-08,301,Samosa,Snack,74,120,0.6166666666666667,78,70.90265420902716,0,0,32.643571583398554,0
2025-08-09,101,Masala Dosa,Breakfast,30,120,0.25,32,48.910818092680394,0,0,30.590274619061788,0
2025-08-09,102,Poori Bhaji,Breakfast,34,120,0.2833333333333333,36,46.024853236503745,0,0,30.672425018895094,0
2025-08-09,201,Paneer Curry,Lunch,58,120,0.48333333333333334,58,58.35363146472091,0,0,29.529718553270556,0
2025-08-09,202,Veg Biryani,Lunch,63,120,0.525,61,60.27862456144347,0,0,31.09419151847095,0
2025-08-09,301,Samosa,Snack,67,120,0.5583333333333333,66,76.98582213774405,0,0,29.30960071569825,0
2025-08-10,101,Masala Dosa,Breakfast,39,120,0.325,37,42.37659430106153,0,0,31.31883862109077,0
2025-08-10,102,Poori Bhaji,Breakfast,32,120,0.26666666666666666,30,44.11585291980957,0,0,30.073317967188405,0
2025-08-10,201,Paneer Curry,Lunch,51,120,0.425,52,66.35062773287858,0,0,29.18152578295761,0
2025-08-10,202,Veg Biryani,Lunch,66,120,0.55,63,62.3584405259892,0,0,28.470235696827192,0
2025-08-10,301,Samosa,Snack,79,120,0.6583333333333333,79,66.40848291914625,0,0,30.905887611490503,0
2025-08-11,101,Masala Dosa,Breakfast,47,120,0.39166666666666666,46,42.2269941220587,0,0,30.0142118888162,0
2025-08-11,102,Poori Bhaji,Breakfast,38,120,0.31666666666666665,33,45.536619481218075,0,0,30.175956657221246,0
2025-08-11,201,Paneer Curry,Lunch,57,120,0.475,52,54.6987086302694,0,0,28.88205484363305,0
2025-08-11,202,Veg Biryani,Lunch,68,120,0.5666666666666667,70,59.425779902584885,0,0,30.155036623595517,0
2025-08-11,301,Samosa,Snack,76,120,0.6333333333333333,78,61.74632140275719,0,0,30.700942261446077,0
2025-08-12,101,Masala Dosa,Breakfast,48,120,0.4,44,26.74515095803494,0,0,31.09150685192246,0
2025-08-12,102,Poori Bhaji,Breakfast,47,120,0.39166666666666666,47,38.21733955027962,0,0,30.238296262121448,0
2025-08-12,201,Paneer Curry,Lunch,57,120,0.475,58,59.25061016618769,0,0,30.52776476093166,0
2025-08-12,202,Veg Biryani,Lunch,59,120,0.49166666666666664,56,54.44712077267086,0,0,31.752270443423622,0
2025-08-12,301,Samosa,Snack,77,120,0.6416666666666667,78,69.55389412203165,0,0,30.02998363452716,0
2025-08-13,101,Masala Dosa,Breakfast,32,120,0.26666666666666666,34,40.12785668204717,0,0,28.58914946959422,0
2025-08-13,102,Poori Bhaji,Breakfast,37,120,0.30833333333333335,37,44.062802981815324,0,0,28.119308230725487,0
2025-08-13,201,Paneer Curry,Lunch,68,120,0.5666666666666667,63,68.58328888227362,0,0,30.44096818186127,0
2025-08-13,202,Veg Biryani,Lunch,52,120,0.43333333333333335,54,63.554799841017456,0,0,30.44426331148604,0
2025-08-13,301,Samosa,Snack,70,120,0.5833333333333334,68,61.53366912645105,0,0,29.099467114812857,0
2025-08-14,101,Masala Dosa,Breakfast,47,120,0.39166666666666666,48,46.815765510533524,0,0,30.769919558529665,0
2025-08-14,102,Poori Bhaji,Breakfast,48,120,0.4,45,31.651104139658,0,0,31.76468693426272,0
2025-08-14,201,Paneer Curry,Lunch,51,120,0.425,46,57.3863848974048,0,0,31.04900922583689,0
2025-08-14,202,Veg Biryani,Lunch,59,120,0.49166666666666664,55,58.35334500840099,0,0,29.90317396260659,0
2025-08-14,301,Samosa,Snack,79,120,0.6583333333333333,78,75.92605145755445,0,0,29.329960806444653,0
2025-08-15,101,Masala Dosa,Breakfast,38,120,0.31666666666666665,34,38.165134005598084,0,0,30.472396642839357,0
2025-08-15,102,Poori Bhaji,Breakfast,41,120,0.3416666666666667,43,40.83207574381444,0,0,29.024020191708335,0
2025-08-15,201,Paneer Curry,Lunch,63,120,0.525,64,58.32142463556715,0,0,31.34604420746472,0
2025-08-15,202,Veg Biryani,Lunch,68,120,0.5666666666666667,63,61.5390088444603,0,0,28.289831607343373,0
2025-08-15,301,Samosa,Snack,72,120,0.6,75,66.88572748449359,0,0,29.581856965990728,0
2025-08-16,101,Masala Dosa,Breakfast,40,120,0.3333333333333333,38,45.515126333888915,0,0,31.151425374464733,0
2025-08-16,102,Poori Bhaji,Breakfast,35,120,0.2916666666666667,31,46.73372989320498,0,0,30.12679315968047,0
2025-08-16,201,Paneer Curry,Lunch,58,120,0.48333333333333334,58,59.256517879438896,0,0,29.32075808328656,0
2025-08-16,202,Veg Biryani,Lunch,55,120,0.4583333333333333,59,57.193165704521704,0,0,30.31420373295045,0
2025-08-16,301,Samosa,Snack,65,120,0.5416666666666666,67,73.55811325235412,0,0,28.667255529211715,0
2025-08-17,101,Masala Dosa,Breakfast,36,120,0.3,40,39.209492549649006,0,0,30.806593247913685,0
2025-08-17,102,Poori Bhaji,Breakfast,43,120,0.35833333333333334,39,42.58829510234561,0,0,29.274256186846536,0
2025-08-17,201,Paneer Curry,Lunch,68,120,0.5666666666666667,67,52.828175164205774,0,0,30.581022009865986,0
2025-08-17,202,Veg Biryani,Lunch,60,120,0.5,62,64.1220769412873,0,0,29.87538621865653,0
2025-08-17,301,Samosa,Snack,66,120,0.55,68,65.25300555584029,0,0,32.632382064837394,0
2025-08-18,101,Masala Dosa,Breakfast,44,120,0.36666666666666664,46,40.47660403473859,0,0,30.179036796548964,0
2025-08-18,102,Poori Bhaji,Breakfast,30,120,0.25,34,37.12181086881113,0,0,30.122009814645363,0
2025-08-18,201,Paneer Curry,Lunch,62,120,0.5166666666666667,58,57.59938705101853,0,0,32.29846886173483,0
2025-08-18,202,Veg Biryani,Lunch,58,120,0.48333333333333334,61,54.770436655714505,0,0,28.21944331678952,0
2025-08-18,301,Samosa,Snack,70,120,0.5833333333333334,72,62.21023841161666,0,0,29.599618639816683,0
2025-08-19,101,Masala Dosa,Breakfast,32,120,0.26666666666666666,28,43.1620386952776,0,0,30.97255444962673,0
2025-08-19,102,Poori Bhaji,Breakfast,35,120,0.2916666666666667,31,38.461071916600936,0,0,29.341101578023796,0
2025-08-19,201,Paneer Curry,Lunch,66,120,0.55,61,59.62783285449977,0,0,30.620672097550678,0
2025-08-19,202,Veg Biryani,Lunch,64,120,0.5333333333333333,66,63.45810340475434,0,0,31.286148455106442,0
2025-08-19,301,Samosa,Snack,76,120,0.6333333333333333,77,74.18848719200244,0,0,31.367985307442414,0
2025-08-20,101,Masala Dosa,Breakfast,37,120,0.30833333333333335,40,41.33525192674227,0,0,30.7344528074503,0
2025-08-20,102,Poori Bhaji,Breakfast,38,120,0.31666666666666665,42,44.0924236731927,0,0,30.133847654246,0
2025-08-20,201,Paneer Curry,Lunch,63,120,0.525,62,55.90367803222599,0,0,30.61570874916454,0
2025-08-20,202,Veg Biryani,Lunch,57,120,0.475,53,66.78428387109444,0,0,29.640562725975098,0
2025-08-20,301,Samosa,Snack,79,120,0.6583333333333333,80,76.78316691091727,0,0,27.287509508152027,0
2025-08-21,101,Masala Dosa,Breakfast,36,120,0.3,31,33.62965507523338,0,0,31.414040461002767,0
2025-08-21,102,Poori Bhaji,Breakfast,41,120,0.3416666666666667,37,40.39828928763794,0,0,31.013316036055354,0
2025-08-21,201,Paneer Curry,Lunch,61,120,0.5083333333333333,62,62.06285198322061,0,0,28.070315403685843,0
2025-08-21,202,Veg Biryani,Lunch,62,120,0.5166666666666667,58,46.76373560051246,0,0,30.729542766635813,0
2025-08-21,301,Samosa,Snack,71,120,0.5916666666666667,67,73.56699795102723,0,0,30.047017213123745,0
2025-08-22,101,Masala Dosa,Breakfast,32,120,0.26666666666666666,33,52.98852321617192,0,0,29.349629055929974,0
2025-08-22,102,Poori Bhaji,Breakfast,41,120,0.3416666666666667,44,37.77248739299614,0,0,31.4533844771177,0
2025-08-22,201,Paneer Curry,Lunch,56,120,0.4666666666666667,54,55.636846863144946,0,0,30.793657941980353,0
2025-08-22,202,Veg Biryani,Lunch,52,120,0.43333333333333335,54,54.96942053458252,0,0,28.949088042171812,0
2025-08-22,301,Samosa,Snack,64,120,0.5333333333333333,67,72.30037505149824,0,0,29.750268717174865,0
2025-08-23,101,Masala Dosa,Breakfast,44,120,0.36666666666666664,47,38.77465190841832,0,0,29.116842754903523,0
2025-08-23,102,Poori Bhaji,Breakfast,33,120,0.275,37,36.75724071970315,0,0,30.801857332040168,0
2025-08-23,201,Paneer Curry,Lunch,55,120,0.4583333333333333,56,71.54861377703094,0,0,29.336103086453335,0
2025-08-23,202,Veg Biryani,Lunch,56,120,0.4666666666666667,54,59.25405420120641,0,0,29.340586588548998,0
2025-08-23,301,Samosa,Snack,78,120,0.65,82,69.35894236952444,0,0,29.49886003272143,0
2025-08-24,101,Masala Dosa,Breakfast,38,120,0.31666666666666665,33,42.57636426493383,0,0,31.19418196255107,0
2025-08-24,102,Poori Bhaji,Breakfast,46,120,0.38333333333333336,49,38.133003658117154,0,0,28.826429792987874,0
2025-08-24,201,Paneer Curry,Lunch,67,120,0.5583333333333333,63,55.838222134478855,0,0,30.471415556386404,0
2025-08-24,202,Veg Biryani,Lunch,52,120,0.43333333333333335,52,66.89137393167861,0,0,30.683585745201082,0
2025-08-24,301,Samosa,Snack,68,120,0.5666666666666667,66,65.7994496070833,0,0,30.16469782743714,0
2025-08-25,101,Masala Dosa,Breakfast,38,120,0.31666666666666665,40,36.93605654757807,0,0,29.612298440064016,0
2025-08-25,102,Poori Bhaji,Breakfast,38,120,0.31666666666666665,35,42.71749551394671,0,0,31.08360965390547,0
2025-08-25,201,Paneer Curry,Lunch,54,120,0.45,50,51.257265075212366,0,0,28.742659699571156,0
2025-08-25,202,Veg Biryani,Lunch,57,120,0.475,56,60.22796082235025,0,0,29.36900787012605,0
2025-08-25,301,Samosa,Snack,64,120,0.5333333333333333,63,70.21635847372146,0,0,31.03047342043583,0
2025-08-26,101,Masala Dosa,Breakfast,48,120,0.4,52,49.32501616998737,0,0,30.820482438271227,0
2025-08-26,102,Poori Bhaji,Breakfast,37,120,0.30833333333333335,32,41.20011368842523,0,0,30.305554320377258,0
2025-08-26,201,Paneer Curry,Lunch,57,120,0.475,52,58.66881233919271,0,0,29.7313639416127,0
2025-08-26,202,Veg Biryani,Lunch,62,120,0.5166666666666667,65,55.35865274291775,0,0,30.594368808923168,0
2025-08-26,301,Samosa,Snack,64,120,0.5333333333333333,68,75.20102964111831,0,0,29.905246626421597,0
2025-08-27,101,Masala Dosa,Breakfast,39,120,0.325,43,37.290504378057264,0,0,30.638891045936774,0
2025-08-27,102,Poori Bhaji,Breakfast,36,120,0.3,32,42.091262773930005,0,0,30.40041202923844,0
2025-08-27,201,Paneer Curry,Lunch,61,120,0.5083333333333333,62,63.262673468797395,0,0,28.107454014696035,0
2025-08-27,202,Veg Biryani,Lunch,57,120,0.475,53,63.22742090570538,0,0,32.16325472330546,0
2025-08-27,301,Samosa,Snack,62,120,0.5166666666666667,62,75.93193706107644,0,0,29.76364716607564,0
2025-08-28,101,Masala Dosa,Breakfast,44,120,0.36666666666666664,43,37.76783192724736,0,0,30.19408999289831,0
2025-08-28,102,Poori Bhaji,Breakfast,46,120,0.38333333333333336,46,38.83004666548918,0,0,31.846806040086967,0
2025-08-28,201,Paneer Curry,Lunch,67,120,0.5583333333333333,63,70.10200981841056,0,0,29.260125723536614,0
2025-08-28,202,Veg Biryani,Lunch,69,120,0.575,70,65.6830238585228,0,0,29.543032676422577,0
2025-08-28,301,Samosa,Snack,70,120,0.5833333333333334,74,73.3914970559602,0,0,29.951970469285822,0
2025-08-29,101,Masala Dosa,Breakfast,32,120,0.26666666666666666,35,42.200072250266665,0,0,29.497945775647388,0
2025-08-29,102,Poori Bhaji,Breakfast,40,120,0.3333333333333333,38,42.31861928695216,0,0,30.577816890881138,0
2025-08-29,201,Paneer Curry,Lunch,69,120,0.575,69,62.15420122166874,0,0,30.243307664128366,0
2025-08-29,202,Veg Biryani,Lunch,54,120,0.45,52,52.372374145376305,0,0,29.308091930118756,0
2025-08-29,301,Samosa,Snack,62,120,0.5166666666666667,57,75.81742729015629,0,0,29.070667805897727,0
2025-08-30,101,Masala Dosa,Breakfast,31,120,0.25833333333333336,28,40.37103106900078,0,0,29.770597397269647,0
2025-08-30,102,Poori Bhaji,Breakfast,41,120,0.3416666666666667,37,39.58924410803716,0,0,31.117295831588127,0
2025-08-30,201,Paneer Curry,Lunch,57,120,0.475,60,61.71362673188852,0,0,30.456753219153782,0
2025-08-30,202,Veg Biryani,Lunch,64,120,0.5333333333333333,60,63.21361379933772,0,0,31.329152530132433,0
2025-08-30,301,Samosa,Snack,71,120,0.5916666666666667,70,69.19187127268765,0,0,28.658725328981713,0
2025-08-31,101,Masala Dosa,Breakfast,43,120,0.35833333333333334,44,41.87488969169854,0,0,29.24260048310169,0
2025-08-31,102,Poori Bhaji,Breakfast,33,120,0.275,36,39.79921024677828,0,0,28.569224897881952,0
2025-08-31,201,Paneer Curry,Lunch,51,120,0.425,53,61.4822946699928,0,0,29.95914206640399,0
2025-08-31,202,Veg Biryani,Lunch,66,120,0.55,68,69.81411317022729,0,0,29.614939738140492,0
2025-08-31,301,Samosa,Snack,77,120,0.6416666666666667,77,75.1176076123283,0,0,28.906371053936606,0
2025-09-01,101,Masala Dosa,Breakfast,30,120,0.25,30,41.28998496060033,0,0,30.469116709781062,0
2025-09-01,102,Poori Bhaji,Breakfast,48,120,0.4,50,38.38321893856896,0,0,30.04760355181435,0
2025-09-01,201,Paneer Curry,Lunch,69,120,0.575,64,58.89517913085168,0,0,30.02688583899453,0
2025-09-01,202,Veg Biryani,Lunch,50,120,0.4166666666666667,46,65.11570602343613,0,0,30.091585738693762,0
2025-09-01,301,Samosa,Snack,60,120,0.5,58,63.07314067165134,0,0,28.89268048665369,0
2025-09-02,101,Masala Dosa,Breakfast,35,120,0.2916666666666667,36,43.16058050634189,0,0,29.021233352138747,0
2025-09-02,102,Poori Bhaji,Breakfast,44,120,0.36666666666666664,40,40.508820364938124,0,0,29.725968185752055,0
2025-09-02,201,Paneer Curry,Lunch,57,120,0.475,54,61.05283988814293,0,0,30.88029624925325,0
2025-09-02,202,Veg Biryani,Lunch,58,120,0.48333333333333334,59,52.33125637145082,0,0,30.861127668958602,0
2025-09-02,301,Samosa,Snack,71,120,0.5916666666666667,73,70.73124003909427,0,0,30.52212035725508,0
2025-09-03,101,Masala Dosa,Breakfast,49,120,0.4083333333333333,50,43.25704640463511,0,0,31.976544273728226,0
2025-09-03,102,Poori Bhaji,Breakfast,35,120,0.2916666666666667,39,39.49588504907396,0,0,31.49856483886508,0
2025-09-03,201,Paneer Curry,Lunch,58,120,0.48333333333333334,62,68.42824150709582,0,0,29.539704555806154,0
2025-09-03,202,Veg Biryani,Lunch,61,120,0.5083333333333333,62,58.50848252724277,0,0,32.163656499224736,0
2025-09-03,301,Samosa,Snack,78,120,0.65,82,68.23286628132001,0,0,27.97333787025666,0
2025-09-04,101,Masala Dosa,Breakfast,42,120,0.35,44,39.069717474285596,0,0,31.0427651758444,0
2025-09-04,102,Poori Bhaji,Breakfast,48,120,0.4,44,42.52995554979767,0,0,28.002588656540492,0
2025-09-04,201,Paneer Curry,Lunch,52,120,0.43333333333333335,56,53.15150910157467,0,0,29.525825683570098,0
2025-09-04,202,Veg Biryani,Lunch,64,120,0.5333333333333333,59,58.3168863633942,0,0,30.351754676593714,0
2025-09-04,301,Samosa,Snack,79,120,0.6583333333333333,78,63.8711716849883,0,0,28.53562511979018,0
2025-09-05,101,Masala Dosa,Breakfast,49,120,0.4083333333333333,51,44.761467305186045,0,0,32.94621282666323,0
2025-09-05,102,Poori Bhaji,Breakfast,38,120,0.31666666666666665,36,39.58574542597054,0,0,29.626834817786804,0
2025-09-05,201,Paneer Curry,Lunch,53,120,0.44166666666666665,49,66.58471781616281,0,0,30.43930275768147,0
2025-09-05,202,Veg Biryani,Lunch,56,120,0.4666666666666667,60,53.61389767038458,0,0,28.451220177487787,0
2025-09-05,301,Samosa,Snack,77,120,0.6416666666666667,79,67.55230278154248,0,0,30.622556333342583,0
2025-09-06,101,Masala Dosa,Breakfast,37,120,0.30833333333333335,35,41.619000638029725,0,0,29.70851002100651,0
2025-09-06,102,Poori Bhaji,Breakfast,42,120,0.35,45,42.71800077297216,0,0,29.629385667913894,0
2025-09-06,201,Paneer Curry,Lunch,64,120,0.5333333333333333,66,69.05846028059513,0,0,30.884726421754138,0
2025-09-06,202,Veg Biryani,Lunch,56,120,0.4666666666666667,56,53.374617645319766,0,0,31.073052159003126,0
2025-09-06,301,Samosa,Snack,61,120,0.5083333333333333,58,63.52659262139547,0,0,31.160826787378518,0
2025-09-07,101,Masala Dosa,Breakfast,37,120,0.30833333333333335,39,32.96857685708359,0,0,29.447372005093797,0
2025-09-07,102,Poori Bhaji,Breakfast,40,120,0.3333333333333333,44,29.524212386600073,0,0,30.254173892246204,0
2025-09-07,201,Paneer Curry,Lunch,58,120,0.48333333333333334,53,70.94875143904594,0,0,28.740080033626846,0
2025-09-07,202,Veg Biryani,Lunch,61,120,0.5083333333333333,56,56.289901292215106,0,0,28.695344604192574,0
2025-09-07,301,Samosa,Snack,70,120,0.5833333333333334,69,72.51907847794777,0,0,27.84612075528843,0
2025-09-08,101,Masala Dosa,Breakfast,46,120,0.38333333333333336,41,37.661436139295716,0,0,31.791143786862627,0
2025-09-08,102,Poori Bhaji,Breakfast,44,120,0.36666666666666664,44,38.704789270896484,0,0,29.803650150915022,0
2025-09-08,201,Paneer Curry,Lunch,67,120,0.5583333333333333,63,58.391884319770185,0,0,29.548994969870073,0
2025-09-08,202,Veg Biryani,Lunch,50,120,0.4166666666666667,51,56.880649019949395,0,0,29.463261459758492,0
2025-09-08,301,Samosa,Snack,64,120,0.5333333333333333,59,67.05618231896602,0,0,30.009291752530913,0
2025-09-09,101,Masala Dosa,Breakfast,39,120,0.325,37,44.581638373512405,0,0,30.346488475897992,0
2025-09-09,102,Poori Bhaji,Breakfast,44,120,0.36666666666666664,40,42.13935338595193,0,0,27.912110965399393,0
2025-09-09,201,Paneer Curry,Lunch,62,120,0.5166666666666667,60,55.30766044897076,0,0,30.644268159509302,0
2025-09-09,202,Veg Biryani,Lunch,57,120,0.475,53,62.999971039624185,0,0,29.18992691579051,0
2025-09-09,301,Samosa,Snack,65,120,0.5416666666666666,64,69.48577918431965,0,0,29.973205653364335,0
2025-09-10,101,Masala Dosa,Breakfast,47,120,0.39166666666666666,42,40.91885567311521,0,0,30.16676961959652,0
2025-09-10,102,Poori Bhaji,Breakfast,46,120,0.38333333333333336,48,43.0901435549181,0,0,30.141036655822564,0
2025-09-10,201,Paneer Curry,Lunch,63,120,0.525,62,64.19592433858156,0,0,31.815372684826905,0
2025-09-10,202,Veg Biryani,Lunch,51,120,0.425,47,51.93265669865799,0,0,30.931009464327854,0
2025-09-10,301,Samosa,Snack,60,120,0.5,63,68.69016781840723,0,0,29.49232021753434,0
2025-09-11,101,Masala Dosa,Breakfast,40,120,0.3333333333333333,38,46.11595052713329,0,0,30.69423341048598,0
2025-09-11,102,Poori Bhaji,Breakfast,33,120,0.275,33,44.50737314973893,0,0,29.861137412805327,0
2025-09-11,201,Paneer Curry,Lunch,62,120,0.5166666666666667,65,63.94950040018937,0,0,29.608574483313266,0
2025-09-11,202,Veg Biryani,Lunch,50,120,0.4166666666666667,52,64.89796475420432,0,0,28.665196161781022,0
2025-09-11,301,Samosa,Snack,74,120,0.6166666666666667,69,63.60988708281812,0,0,28.35625928441194,0
2025-09-12,101,Masala Dosa,Breakfast,48,120,0.4,51,45.31782859693009,0,0,32.24612896593601,0
2025-09-12,102,Poori Bhaji,Breakfast,32,120,0.26666666666666666,32,40.8484689617601,0,0,29.299884126794993,0
2025-09-12,201,Paneer Curry,Lunch,63,120,0.525,67,60.0139118546079,0,0,31.620429645104075,0
2025-09-12,202,Veg Biryani,Lunch,57,120,0.475,53,57.72877862423369,0,0,29.98006460475419,0
2025-09-12,301,Samosa,Snack,71,120,0.5916666666666667,70,77.22692344791467,0,0,28.175930126107062,0
2025-09-13,101,Masala Dosa,Breakfast,41,120,0.3416666666666667,39,46.921364092552594,0,0,30.563909120052358,0
2025-09-13,102,Poori Bhaji,Breakfast,35,120,0.2916666666666667,31,40.897084064156346,0,0,31.820780376715355,0
2025-09-13,201,Paneer Curry,Lunch,60,120,0.5,61,60.646534875831705,0,0,30.380047463459025,0
2025-09-13,202,Veg Biryani,Lunch,68,120,0.5666666666666667,66,59.055516561077624,0,0,30.55307327644048,0
2025-09-13,301,Samosa,Snack,61,120,0.5083333333333333,59,65.64713691869122,0,0,29.015727624707495,0
2025-09-14,101,Masala Dosa,Breakfast,44,120,0.36666666666666664,41,35.85535959567039,0,0,30.163477479167454,0
2025-09-14,102,Poori Bhaji,Breakfast,47,120,0.39166666666666666,43,36.98338217389144,0,0,28.41318828440491,0
2025-09-14,201,Paneer Curry,Lunch,60,120,0.5,61,55.15400194843117,0,0,30.551037302242538,0
2025-09-14,202,Veg Biryani,Lunch,62,120,0.5166666666666667,63,64.74469994918798,0,0,29.337887483175592,0
2025-09-14,301,Samosa,Snack,69,120,0.575,71,69.9018110053666,0,0,30.552489954417148,0
2025-09-15,101,Masala Dosa,Breakfast,36,120,0.3,36,37.105183724029146,0,0,30.063688393651617,0
2025-09-15,102,Poori Bhaji,Breakfast,39,120,0.325,40,41.23748898418606,0,0,32.25045476781627,0
2025-09-15,201,Paneer Curry,Lunch,58,120,0.48333333333333334,62,62.498185505629785,0,0,28.70362408073616,0
2025-09-15,202,Veg Biryani,Lunch,59,120,0.49166666666666664,61,61.58371029402219,0,0,31.50966245839604,0
2025-09-15,301,Samosa,Snack,64,120,0.5333333333333333,62,74.01450809072843,0,0,29.439551848510476,0
2025-09-16,101,Masala Dosa,Breakfast,36,120,0.3,40,42.9333910426504,0,0,30.681006238741556,0
2025-09-16,102,Poori Bhaji,Breakfast,39,120,0.325,34,34.289367283519134,0,0,29.749681288267006,0
2025-09-16,201,Paneer Curry,Lunch,66,120,0.55,63,59.59870476896227,0,0,31.09327090545993,0
2025-09-16,202,Veg Biryani,Lunch,66,120,0.55,66,60.21905735989555,0,0,29.85299799837151,0
2025-09-16,301,Samosa,Snack,66,120,0.55,70,73.6712214485149,0,0,28.647835553375273,0
2025-09-17,101,Masala Dosa,Breakfast,31,120,0.25833333333333336,28,48.36139618043425,0,0,30.922932182209408,0
2025-09-17,102,Poori Bhaji,Breakfast,39,120,0.325,39,48.542731848834435,0,0,29.587475347482854,0
2025-09-17,201,Paneer Curry,Lunch,60,120,0.5,61,65.21304417818243,0,0,29.480146608451246,0
2025-09-17,202,Veg Biryani,Lunch,53,120,0.44166666666666665,57,63.40648087210236,0,0,29.726535753545175,0
2025-09-17,301,Samosa,Snack,72,120,0.6,70,67.09159543025677,0,0,28.985243269307134,0
2025-09-18,101,Masala Dosa,Breakfast,35,120,0.2916666666666667,38,34.88782310227117,0,0,32.079945923690524,0
2025-09-18,102,Poori Bhaji,Breakfast,31,120,0.25833333333333336,30,40.98083772789364,0,0,29.398112788798766,0
2025-09-18,201,Paneer Curry,Lunch,57,120,0.475,57,68.44818498847349,0,0,30.870576215814243,0
2025-09-18,202,Veg Biryani,Lunch,61,120,0.5083333333333333,65,66.13834496236646,0,0,28.790358981308795,0
2025-09-18,301,Samosa,Snack,71,120,0.5916666666666667,67,60.24440762575571,0,0,29.371071108811307,0
2025-09-19,101,Masala Dosa,Breakfast,41,120,0.3416666666666667,45,35.046538056811485,0,0,30.629413584886787,0
2025-09-19,102,Poori Bhaji,Breakfast,45,120,0.375,49,39.443869693256495,0,0,29.09609235853521,0
2025-09-19,201,Paneer Curry,Lunch,65,120,0.5416666666666666,60,48.322136379166864,0,0,29.500702760428002,0
2025-09-19,202,Veg Biryani,Lunch,68,120,0.5666666666666667,70,56.23350887830721,0,0,30.7893156118546,0
2025-09-19,301,Samosa,Snack,79,120,0.6583333333333333,79,74.06648288291538,0,0,29.313680924350884,0
2025-09-20,101,Masala Dosa,Breakfast,30,120,0.25,29,42.51868023106213,0,0,30.582395959984062,0
2025-09-20,102,Poori Bhaji,Breakfast,31,120,0.25833333333333336,29,34.64702830882199,0,0,29.110253898213433,0
2025-09-20,201,Paneer Curry,Lunch,51,120,0.425,54,50.818973134483514,0,0,30.507991326912542,0
2025-09-20,202,Veg Biryani,Lunch,69,120,0.575,70,62.24505481709468,0,0,29.469492377061844,0
2025-09-20,301,Samosa,Snack,74,120,0.6166666666666667,74,60.030345818659825,0,0,31.21833731558538,0
2025-09-21,101,Masala Dosa,Breakfast,41,120,0.3416666666666667,36,40.40914679273782,0,0,29.901110346808856,0
2025-09-21,102,Poori Bhaji,Breakfast,32,120,0.26666666666666666,34,48.8710625206901,0,0,30.260265558367728,0
2025-09-21,201,Paneer Curry,Lunch,52,120,0.43333333333333335,53,57.46438469971705,0,0,29.763645262911005,0
2025-09-21,202,Veg Biryani,Lunch,52,120,0.43333333333333335,48,57.8294491025201,0,0,29.45622056677666,0
2025-09-21,301,Samosa,Snack,73,120,0.6083333333333333,71,73.56135744752939,0,0,30.120225633434213,0
2025-09-22,101,Masala Dosa,Breakfast,31,120,0.25833333333333336,34,30.15426357013226,0,0,29.78174883625716,0
2025-09-22,102,Poori Bhaji,Breakfast,43,120,0.35833333333333334,38,46.951037745086566,0,0,30.55781030635186,0
2025-09-22,201,Paneer Curry,Lunch,69,120,0.575,66,56.00230539383658,0,0,30.35154795882589,0
2025-09-22,202,Veg Biryani,Lunch,51,120,0.425,49,62.5387883515575,0,0,30.053988418445794,0
2025-09-22,301,Samosa,Snack,72,120,0.6,70,65.30332303090623,0,0,29.855912444278385,0
2025-09-23,101,Masala Dosa,Breakfast,35,120,0.2916666666666667,31,35.16741487032503,0,0,30.417190464382564,0
2025-09-23,102,Poori Bhaji,Breakfast,48,120,0.4,47,38.93278564534896,0,0,31.49072613684995,0
2025-09-23,201,Paneer Curry,Lunch,51,120,0.425,47,60.74333728601056,0,0,29.66291402888196,0
2025-09-23,202,Veg Biryani,Lunch,58,120,0.48333333333333334,59,57.18175486286829,0,0,29.589068843700815,0
2025-09-23,301,Samosa,Snack,68,120,0.5666666666666667,65,72.74264929267387,0,0,29.07756731398852,0
2025-09-24,101,Masala Dosa,Breakfast,30,120,0.25,28,33.628156268103105,0,0,30.62607642550782,0
2025-09-24,102,Poori Bhaji,Breakfast,34,120,0.2833333333333333,35,37.03586031310255,0,0,29.492667224611456,0
2025-09-24,201,Paneer Curry,Lunch,53,120,0.44166666666666665,53,54.78013580000871,0,0,29.791039512667968,0
2025-09-24,202,Veg Biryani,Lunch,69,120,0.575,66,54.1494348697032,0,0,28.19801956241998,0
2025-09-24,301,Samosa,Snack,73,120,0.6083333333333333,74,74.39321754863022,0,0,30.76219840079221,0
2025-09-25,101,Masala Dosa,Breakfast,31,120,0.25833333333333336,30,37.268777758737585,0,0,30.39180400540255,0
2025-09-25,102,Poori Bhaji,Breakfast,36,120,0.3,35,35.029468834789036,0,0,29.969061002844377,0
2025-09-25,201,Paneer Curry,Lunch,60,120,0.5,59,54.034700225448816,0,0,29.959911487343447,0
2025-09-25,202,Veg Biryani,Lunch,69,120,0.575,65,48.48651505227642,0,0,29.55505423987533,0
2025-09-25,301,Samosa,Snack,79,120,0.6583333333333333,79,72.47297874160549,0,0,29.883342790167728,0
2025-09-26,101,Masala Dosa,Breakfast,46,120,0.38333333333333336,49,41.45724961605903,0,0,29.269318036196218,0
2025-09-26,102,Poori Bhaji,Breakfast,38,120,0.31666666666666665,33,41.62588398264532,0,0,29.83327596691316,0
2025-09-26,201,Paneer Curry,Lunch,57,120,0.475,56,59.908254895479466,0,0,31.311783900207576,0
2025-09-26,202,Veg Biryani,Lunch,57,120,0.475,57,66.50870644699398,0,0,31.56151119672685,0
2025-09-26,301,Samosa,Snack,72,120,0.6,69,66.97830464218345,0,0,29.924182604181787,0
2025-09-27,101,Masala Dosa,Breakfast,37,120,0.30833333333333335,40,43.96528190328715,0,0,31.2277522598193,0
2025-09-27,102,Poori Bhaji,Breakfast,48,120,0.4,50,27.830488717259826,0,0,30.18576749208677,0
2025-09-27,201,Paneer Curry,Lunch,63,120,0.525,61,66.00206953972213,0,0,29.343105721028603,0
2025-09-27,202,Veg Biryani,Lunch,56,120,0.4666666666666667,53,57.7429517119968,0,0,29.56394651235012,0
2025-09-27,301,Samosa,Snack,64,120,0.5333333333333333,63,75.92852077331499,0,0,30.718953310665068,0
2025-09-28,101,Masala Dosa,Breakfast,39,120,0.325,39,40.14889631617312,0,0,29.152020122344666,0
2025-09-28,102,Poori Bhaji,Breakfast,46,120,0.38333333333333336,48,43.03565550391809,0,0,31.311158886318104,0
2025-09-28,201,Paneer Curry,Lunch,51,120,0.425,47,58.94331957224504,0,0,29.88259914084504,0
2025-09-28,202,Veg Biryani,Lunch,67,120,0.5583333333333333,71,56.78240884809929,0,0,30.927840128081236,0
2025-09-28,301,Samosa,Snack,67,120,0.5583333333333333,63,77.27809345040558,0,0,31.799271575019,0
2025-09-29,101,Masala Dosa,Breakfast,45,120,0.375,41,38.17523635228557,0,0,29.160790332660994,0
2025-09-29,102,Poori Bhaji,Breakfast,37,120,0.30833333333333335,33,37.026118727221686,0,0,28.718702326523147,0
2025-09-29,201,Paneer Curry,Lunch,63,120,0.525,67,62.89721286433631,0,0,30.147699325226778,0
2025-09-29,202,Veg Biryani,Lunch,69,120,0.575,68,59.7705960900954,0,0,32.04298452535126,0
2025-09-29,301,Samosa,Snack,76,120,0.6333333333333333,78,73.73093703657202,0,0,29.639806405390054,0
2025-09-30,101,Masala Dosa,Breakfast,41,120,0.3416666666666667,44,50.644732778728,0,0,30.688678023685426,0
2025-09-30,102,Poori Bhaji,Breakfast,37,120,0.30833333333333335,39,33.53220680416351,0,0,30.234137547113296,0
2025-09-30,201,Paneer Curry,Lunch,60,120,0.5,60,55.85768615516136,0,0,30.909340018105375,0
2025-09-30,202,Veg Biryani,Lunch,62,120,0.5166666666666667,58,61.61245357836409,0,0,29.317669370142507,0
2025-09-30,301,Samosa,Snack,79,120,0.6583333333333333,75,70.15239425132832,0,0,28.508063853528625,0
2025-10-01,101,Masala Dosa,Breakfast,41,120,0.3416666666666667,41,51.50205042723485,0,0,31.075433063105038,0
2025-10-01,102,Poori Bhaji,Breakfast,32,120,0.26666666666666666,32,49.05687514332491,0,0,30.623548856901635,0
2025-10-01,201,Paneer Curry,Lunch,56,120,0.4666666666666667,59,56.888109025045985,0,0,30.478089996627457,0
2025-10-01,202,Veg Biryani,Lunch,59,120,0.49166666666666664,63,58.95488371356987,0,0,29.1494795457907,0
2025-10-01,301,Samosa,Snack,69,120,0.575,65,71.30331416575204,0,0,28.599492039725057,0
2025-10-02,101,Masala Dosa,Breakfast,43,120,0.35833333333333334,44,47.72263001839047,0,0,30.945193727013592,0
2025-10-02,102,Poori Bhaji,Breakfast,45,120,0.375,48,39.32991416663541,0,0,30.014688194729196,0
2025-10-02,201,Paneer Curry,Lunch,61,120,0.5083333333333333,56,63.8691637182114,0,0,31.122175028801685,0
2025-10-02,202,Veg Biryani,Lunch,65,120,0.5416666666666666,62,59.46969045480981,0,0,31.2219971209735,0
2025-10-02,301,Samosa,Snack,78,120,0.65,77,68.56204490274907,0,0,29.058410482649354,0
2025-10-03,101,Masala Dosa,Breakfast,33,120,0.275,31,36.612621715014185,0,0,30.671747291077292,0
2025-10-03,102,Poori Bhaji,Breakfast,34,120,0.2833333333333333,34,48.405461574652435,0,0,29.249094450219886,0
2025-10-03,201,Paneer Curry,Lunch,59,120,0.49166666666666664,59,58.03009318348789,0,0,29.58817384568108,0
2025-10-03,202,Veg Biryani,Lunch,62,120,0.5166666666666667,60,64.90242499760286,0,0,29.744118642329468,0
2025-10-03,301,Samosa,Snack,73,120,0.6083333333333333,70,70.63224511411731,0,0,29.312062612536174,0
2025-10-04,101,Masala Dosa,Breakfast,49,120,0.4083333333333333,47,39.900122856400486,0,0,29.333479518726485,0
2025-10-04,102,Poori Bhaji,Breakfast,47,120,0.39166666666666666,44,43.89180538083319,0,0,29.448814283671467,0
2025-10-04,201,Paneer Curry,Lunch,66,120,0.55,63,59.14907688737536,0,0,29.546771950672724,0
2025-10-04,202,Veg Biryani,Lunch,55,120,0.4583333333333333,54,60.442034431459234,0,0,31.477530081055264,0
2025-10-04,301,Samosa,Snack,75,120,0.625,73,71.80572385173434,0,0,29.42091969152057,0
2025-10-05,101,Masala Dosa,Breakfast,30,120,0.25,26,37.08681562850274,0,0,29.828750824562913,0
2025-10-05,102,Poori Bhaji,Breakfast,44,120,0.36666666666666664,47,40.949239181062325,0,0,30.576758066193072,0
2025-10-05,201,Paneer Curry,Lunch,66,120,0.55,66,66.10516847762676,0,0,30.582097703468616,0
2025-10-05,202,Veg Biryani,Lunch,64,120,0.5333333333333333,64,61.51890154745253,0,0,28.62330845936192,0
2025-10-05,301,Samosa,Snack,69,120,0.575,65,72.55868834539503,0,0,29.14466948561074,0
2025-10-06,101,Masala Dosa,Breakfast,42,120,0.35,42,30.520175793463554,0,0,30.170298362162395,0
2025-10-06,102,Poori Bhaji,Breakfast,48,120,0.4,52,37.94289513670315,0,0,30.52874884579966,0
2025-10-06,201,Paneer Curry,Lunch,54,120,0.45,53,46.42946349754457,0,0,29.200501666836512,0
2025-10-06,202,Veg Biryani,Lunch,54,120,0.45,52,59.86242547474682,0,0,31.772251596669744,0
2025-10-06,301,Samosa,Snack,60,120,0.5,62,74.50088493456234,0,0,30.778109186126017,0
2025-10-07,101,Masala Dosa,Breakfast,43,120,0.35833333333333334,46,43.83040139192345,0,0,31.22693322388431,0
2025-10-07,102,Poori Bhaji,Breakfast,33,120,0.275,32,35.11812364358314,0,0,29.107544160643098,0
2025-10-07,201,Paneer Curry,Lunch,52,120,0.43333333333333335,53,58.86760554049236,0,0,30.367365506816178,0
2025-10-07,202,Veg Biryani,Lunch,65,120,0.5416666666666666,65,65.80110951792619,0,0,29.760703223200583,0
2025-10-07,301,Samosa,Snack,65,120,0.5416666666666666,68,67.3696098389402,0,0,29.98598046174241,0
2025-10-08,101,Masala Dosa,Breakfast,49,120,0.4083333333333333,45,27.878798698635293,0,0,30.88404539636105,0
2025-10-08,102,Poori Bhaji,Breakfast,36,120,0.3,36,41.23538688903152,0,0,30.08733105791541,0
2025-10-08,201,Paneer Curry,Lunch,64,120,0.5333333333333333,65,65.79895622644653,0,0,29.623085774586105,0
2025-10-08,202,Veg Biryani,Lunch,63,120,0.525,66,62.04172582197389,0,0,29.99530059555983,0
2025-10-08,301,Samosa,Snack,64,120,0.5333333333333333,61,65.8112600920312,0,0,30.610809833754775,0
2025-10-09,101,Masala Dosa,Breakfast,46,120,0.38333333333333336,43,41.535322582851215,0,0,29.868597093977762,0
2025-10-09,102,Poori Bhaji,Breakfast,41,120,0.3416666666666667,44,36.96327200617272,0,0,31.629323336618025,0
2025-10-09,201,Paneer Curry,Lunch,56,120,0.4666666666666667,56,65.0875061454209,0,0,32.663182350119826,0
2025-10-09,202,Veg Biryani,Lunch,51,120,0.425,55,67.19271242256146,0,0,30.20981812871004,0
2025-10-09,301,Samosa,Snack,76,120,0.6333333333333333,71,63.310632543948834,0,0,30.551559270212422,0
2025-10-10,101,Masala Dosa,Breakfast,31,120,0.25833333333333336,26,34.523272180715416,0,0,29.782269015511552,0
2025-10-10,102,Poori Bhaji,Breakfast,45,120,0.375,48,37.75809890473059,0,0,32.0100092893,0
2025-10-10,201,Paneer Curry,Lunch,65,120,0.5416666666666666,62,63.09577130502599,0,0,32.0574954697117,0
2025-10-10,202,Veg Biryani,Lunch,64,120,0.5333333333333333,66,58.48766580896324,0,0,29.18503601543456,0
2025-10-10,301,Samosa,Snack,62,120,0.5166666666666667,59,66.85757568051977,0,0,30.60247720943948,0
2025-10-11,101,Masala Dosa,Breakfast,36,120,0.3,35,37.58628238908984,0,0,29.046671391741288,0
2025-10-11,102,Poori Bhaji,Breakfast,43,120,0.35833333333333334,41,32.76935983719919,0,0,30.094993751356306,0
2025-10-11,201,Paneer Curry,Lunch,64,120,0.5333333333333333,64,57.512506707974296,0,0,29.311496492072823,0
2025-10-11,202,Veg Biryani,Lunch,58,120,0.48333333333333334,60,64.4155488857358,0,0,29.9221628029872,0
2025-10-11,301,Samosa,Snack,60,120,0.5,64,65.13276629300262,0,0,29.994602623638464,0
2025-10-12,101,Masala Dosa,Breakfast,49,120,0.4083333333333333,50,37.86821201897229,0,0,31.148445709196753,0
2025-10-12,102,Poori Bhaji,Breakfast,48,120,0.4,47,30.84615775802567,0,0,30.200651803955687,0
2025-10-12,201,Paneer Curry,Lunch,58,120,0.48333333333333334,56,55.28308475315032,0,0,28.876098533134908,0
2025-10-12,202,Veg Biryani,Lunch,58,120,0.48333333333333334,60,46.20201300363558,0,0,31.06337484957093,0
2025-10-12,301,Samosa,Snack,65,120,0.5416666666666666,61,74.16903669579682,0,0,29.57224431295325,0
2025-10-13,101,Masala Dosa,Breakfast,32,120,0.26666666666666666,28,40.13661380432087,0,0,28.716822572070193,0
2025-10-13,102,Poori Bhaji,Breakfast,30,120,0.25,31,35.224387103253235,0,0,30.42359906559346,0
2025-10-13,201,Paneer Curry,Lunch,53,120,0.44166666666666665,53,61.700588532023225,0,0,29.457531933293804,0
2025-10-13,202,Veg Biryani,Lunch,65,120,0.5416666666666666,60,61.325280224201556,0,0,29.954973177171134,0
2025-10-13,301,Samosa,Snack,72,120,0.6,68,64.05494358809983,0,0,29.74474805789775,0
2025-10-14,101,Masala Dosa,Breakfast,34,120,0.2833333333333333,37,37.4894849795056,0,0,30.558690966033275,0
2025-10-14,102,Poori Bhaji,Breakfast,34,120,0.2833333333333333,31,41.692419217308455,0,0,29.70459858986097,0
2025-10-14,201,Paneer Curry,Lunch,69,120,0.575,69,69.03938079399595,0,0,30.350785175754808,0
2025-10-14,202,Veg Biryani,Lunch,61,120,0.5083333333333333,64,66.58557533669932,0,0,29.881931473008922,0
2025-10-14,301,Samosa,Snack,71,120,0.5916666666666667,74,69.54415440221906,0,0,27.7599501014805,0
2025-10-15,101,Masala Dosa,Breakfast,32,120,0.26666666666666666,36,37.714808320688014,0,0,29.69811549480945,0
2025-10-15,102,Poori Bhaji,Breakfast,30,120,0.25,29,44.285459984935116,0,0,29.83109921969256,0
2025-10-15,201,Paneer Curry,Lunch,68,120,0.5666666666666667,64,63.81795550309928,0,0,31.257059956689094,0
2025-10-15,202,Veg Biryani,Lunch,65,120,0.5416666666666666,65,63.97851570849871,0,0,30.618663937480648,0
2025-10-15,301,Samosa,Snack,74,120,0.6166666666666667,71,68.41213400588131,0,0,29.324538555144223,0
2025-10-16,101,Masala Dosa,Breakfast,44,120,0.36666666666666664,45,42.34779584676464,0,0,28.993439008912098,0
2025-10-16,102,Poori Bhaji,Breakfast,30,120,0.25,32,44.33923471515648,0,0,29.621913899016665,0
2025-10-16,201,Paneer Curry,Lunch,64,120,0.5333333333333333,64,57.02816813826897,0,0,29.807676086927636,0
2025-10-16,202,Veg Biryani,Lunch,63,120,0.525,61,63.61805293614437,0,0,30.667460781639313,0
2025-10-16,301,Samosa,Snack,72,120,0.6,68,74.2962861249992,0,0,30.34617774583274,0
2025-10-17,101,Masala Dosa,Breakfast,31,120,0.25833333333333336,33,33.43167345513842,0,0,29.420744767157153,0
2025-10-17,102,Poori Bhaji,Breakfast,37,120,0.30833333333333335,34,46.53789405379992,0,0,29.622721794116313,0
2025-10-17,201,Paneer Curry,Lunch,69,120,0.575,64,58.89069548102347,0,0,30.421684468264445,0
2025-10-17,202,Veg Biryani,Lunch,65,120,0.5416666666666666,68,62.565528990880416,0,0,29.740453322416084,0
2025-10-17,301,Samosa,Snack,69,120,0.575,66,74.4433137677548,0,0,29.47324456734501,0
2025-10-18,101,Masala Dosa,Breakfast,48,120,0.4,46,41.6975724190942,0,0,29.35422864936343,0
2025-10-18,102,Poori Bhaji,Breakfast,33,120,0.275,35,31.498975627259668,0,0,30.52830303466692,0
2025-10-18,201,Paneer Curry,Lunch,63,120,0.525,62,54.73158790426823,0,0,28.932197078420806,0
2025-10-18,202,Veg Biryani,Lunch,58,120,0.48333333333333334,56,58.2144881509613,0,0,30.794383417979176,0
2025-10-18,301,Samosa,Snack,68,120,0.5666666666666667,70,73.67152337780749,0,0,29.350668688079605,0
2025-10-19,101,Masala Dosa,Breakfast,41,120,0.3416666666666667,38,44.26175678447236,0,0,29.315481787783032,0
2025-10-19,102,Poori Bhaji,Breakfast,34,120,0.2833333333333333,32,39.683882717585206,0,0,28.47847234660769,0
2025-10-19,201,Paneer Curry,Lunch,58,120,0.48333333333333334,61,64.87598814891214,0,0,30.501094169939844,0
2025-10-19,202,Veg Biryani,Lunch,50,120,0.4166666666666667,52,46.48383853500381,0,0,30.67787531953091,0
2025-10-19,301,Samosa,Snack,71,120,0.5916666666666667,71,77.3702802624404,0,0,29.647986925146526,0
2025-10-20,101,Masala Dosa,Breakfast,38,120,0.31666666666666665,35,39.31275742686154,0,0,30.95287454720294,0
2025-10-20,102,Poori Bhaji,Breakfast,37,120,0.30833333333333335,36,46.109002762594066,0,0,31.7495813052725,0
2025-10-20,201,Paneer Curry,Lunch,68,120,0.5666666666666667,66,55.94255161133238,0,0,30.388720123051108,0
2025-10-20,202,Veg Biryani,Lunch,53,120,0.44166666666666665,53,55.52000596592749,0,0,29.069118805806596,0
2025-10-20,301,Samosa,Snack,68,120,0.5666666666666667,63,66.88197282535397,0,0,28.451237077876723,0
2025-10-21,101,Masala Dosa,Breakfast,47,120,0.39166666666666666,42,40.53089383911106,0,0,29.530447820938665,0
2025-10-21,102,Poori Bhaji,Breakfast,37,120,0.30833333333333335,34,38.89902686496021,0,0,27.932145273564007,0
2025-10-21,201,Paneer Curry,Lunch,57,120,0.475,54,53.56026305241,0,0,27.368568116580093,0
2025-10-21,202,Veg Biryani,Lunch,66,120,0.55,66,61.489605326299014,0,0,30.28873239471996,0
2025-10-21,301,Samosa,Snack,60,120,0.5,64,58.07821662321856,0,0,28.558867380143397,0
2025-10-22,101,Masala Dosa,Breakfast,39,120,0.325,39,39.1993360221668,0,0,30.671340076450466,0
2025-10-22,102,Poori Bhaji,Breakfast,34,120,0.2833333333333333,29,35.56889828195297,0,0,30.26866142668377,0
2025-10-22,201,Paneer Curry,Lunch,68,120,0.5666666666666667,69,57.82084829539244,0,0,30.06929406054889,0
2025-10-22,202,Veg Biryani,Lunch,60,120,0.5,57,63.79053099258736,0,0,29.91278440158435,0
2025-10-22,301,Samosa,Snack,72,120,0.6,67,77.40284027770944,0,0,29.29064971206393,0
2025-10-23,101,Masala Dosa,Breakfast,37,120,0.30833333333333335,39,34.090285745362394,0,0,30.835494277920763,0
2025-10-23,102,Poori Bhaji,Breakfast,45,120,0.375,40,37.5846947415828,0,0,30.14679301198555,0
2025-10-23,201,Paneer Curry,Lunch,62,120,0.5166666666666667,63,64.09315330889949,0,0,28.794996478900973,0
2025-10-23,202,Veg Biryani,Lunch,50,120,0.4166666666666667,48,55.559260521363115,0,0,29.693118851312626,0
2025-10-23,301,Samosa,Snack,67,120,0.5583333333333333,65,68.97393512750402,0,0,30.857883106131432,0
2025-10-24,101,Masala Dosa,Breakfast,48,120,0.4,51,40.84327335983364,0,0,30.44194064956941,0
2025-10-24,102,Poori Bhaji,Breakfast,38,120,0.31666666666666665,42,45.880875526199596,0,0,28.26601647058265,0
2025-10-24,201,Paneer Curry,Lunch,59,120,0.49166666666666664,55,58.493723823366,0,0,29.682654407271393,0
2025-10-24,202,Veg Biryani,Lunch,55,120,0.4583333333333333,54,54.28136896339669,0,0,30.108559705776525,0
2025-10-24,301,Samosa,Snack,76,120,0.6333333333333333,79,61.51451307506874,0,0,29.354430571351525,0
2025-10-25,101,Masala Dosa,Breakfast,30,120,0.25,31,37.25637546129519,0,0,30.092844901141113,0
2025-10-25,102,Poori Bhaji,Breakfast,46,120,0.38333333333333336,49,44.27730004341323,0,0,31.28732439015214,0
2025-10-25,201,Paneer Curry,Lunch,60,120,0.5,56,56.30684593986965,0,0,29.831944934311636,0
2025-10-25,202,Veg Biryani,Lunch,58,120,0.48333333333333334,57,61.31181190161831,0,0,31.05119401098604,0
2025-10-25,301,Samosa,Snack,71,120,0.5916666666666667,67,65.35510022838687,0,0,27.843898968625183,0
2025-10-26,101,Masala Dosa,Breakfast,41,120,0.3416666666666667,44,30.903460356676383,0,0,29.30681317276358,0
2025-10-26,102,Poori Bhaji,Breakfast,45,120,0.375,49,38.637861493778544,0,0,29.92508915534498,0
2025-10-26,201,Paneer Curry,Lunch,50,120,0.4166666666666667,52,54.54516784892401,0,0,29.589185712045417,0
2025-10-26,202,Veg Biryani,Lunch,54,120,0.45,55,55.17797872694154,0,0,29.569843364408165,0
2025-10-26,301,Samosa,Snack,69,120,0.575,65,62.93665790914486,0,0,31.21331640918564,0
2025-10-27,101,Masala Dosa,Breakfast,40,120,0.3333333333333333,35,46.11061651186527,0,0,30.111172160289538,0
2025-10-27,102,Poori Bhaji,Breakfast,41,120,0.3416666666666667,41,49.45693924775169,0,0,29.537903981348602,0
2025-10-27,201,Paneer Curry,Lunch,62,120,0.5166666666666667,58,57.63080326464542,0,0,29.98554772912172,0
2025-10-27,202,Veg Biryani,Lunch,52,120,0.43333333333333335,50,59.42856022199057,0,0,29.842702574799098,0
2025-10-27,301,Samosa,Snack,70,120,0.5833333333333334,74,61.9632017149871,0,0,29.100212137215827,0
2025-10-28,101,Masala Dosa,Breakfast,44,120,0.36666666666666664,43,42.8045972397062,0,0,29.70451968197084,0
2025-10-28,102,Poori Bhaji,Breakfast,34,120,0.2833333333333333,38,37.62613177258146,0,0,27.713282051784507,0
2025-10-28,201,Paneer Curry,Lunch,55,120,0.4583333333333333,53,60.071616291053,0,0,30.15618782294088,0
2025-10-28,202,Veg Biryani,Lunch,62,120,0.5166666666666667,60,73.16462218464926,0,0,28.194394527093234,0
2025-10-28,301,Samosa,Snack,72,120,0.6,72,73.28240605917546,0,0,29.50922787017712,0
2025-10-29,101,Masala Dosa,Breakfast,32,120,0.26666666666666666,36,42.71413279659512,0,0,30.848766502606424,0
2025-10-29,102,Poori Bhaji,Breakfast,46,120,0.38333333333333336,45,33.69272583172445,0,0,29.134960773651006,0
2025-10-29,201,Paneer Curry,Lunch,61,120,0.5083333333333333,62,53.79191890101986,0,0,30.166265645900733,0
2025-10-29,202,Veg Biryani,Lunch,52,120,0.43333333333333335,48,47.348562386268355,0,0,29.71399577811989,0
2025-10-29,301,Samosa,Snack,76,120,0.6333333333333333,73,71.45930881000008,0,0,30.899464971148245,0
2025-10-30,101,Masala Dosa,Breakfast,48,120,0.4,47,36.53065839595991,0,0,30.454971890600973,0
2025-10-30,102,Poori Bhaji,Breakfast,34,120,0.2833333333333333,29,42.6188010872284,0,0,30.271421493800943,0
2025-10-30,201,Paneer Curry,Lunch,51,120,0.425,51,65.42893162469673,0,0,30.097983153470896,0
2025-10-30,202,Veg Biryani,Lunch,60,120,0.5,61,61.34563470622554,0,0,29.65680772450259,0
2025-10-30,301,Samosa,Snack,79,120,0.6583333333333333,82,69.37691101904934,0,0,28.82740839114726,0
2025-10-31,101,Masala Dosa,Breakfast,45,120,0.375,43,41.27636693706781,0,0,31.045896715495868,0
2025-10-31,102,Poori Bhaji,Breakfast,33,120,0.275,33,53.36755485198239,0,0,30.956833731156095,0
2025-10-31,201,Paneer Curry,Lunch,64,120,0.5333333333333333,67,66.81336931183529,0,0,29.1684980570439,0
2025-10-31,202,Veg Biryani,Lunch,63,120,0.525,59,70.55177183910197,0,0,28.831455685343393,0
2025-10-31,301,Samosa,Snack,74,120,0.6166666666666667,72,69.46674354281802,0,0,31.390427474406383,0
